,Symbol,Company Name,Industry Code,Industry Name,Lot Size,Active,Year End,IDX WT %,FF BASED SHARES,ORD SHARES,FACE_VALUE,NSHARE_HOLDER
0,786,786 Investments Limited,813,INV. BANKS / INV. COS. / SECURITIES COS.,500,1,6,0.0008340747725316153,5240813.0,14973750.0,,
1,AABS,Al-Abbas Sugar Mills Limited,826,SUGAR & ALLIED INDUSTRIES,1,1,9,0.08346403051522053,1736230.0,17362300.0,10.0,
2,AASM,Al-Abid Silk Mills Limited,827,SYNTHETIC & RAYON,500,1,6,0.00035710109227535963,2681910.0,13409550.0,10.0,708.0
3,AATM,Ali Asghar Textile Mills Limited,830,TEXTILE SPINNING,500,1,6,0.02294669051504348,926222.0,44426694.0,5.0,
4,ABL,Allied Bank Limited,807,COMMERCIAL BANKS,500,1,12,1.310618506069396,114507383.0,1145073830.0,10.0,
5,ABOT,Abbott Laboratories (Pakistan) Limited,823,PHARMACEUTICALS,1,1,12,0.8356827793734682,21103498.0,97900302.0,10.0,
6,ACPL,Attock Cement Pakistan Limited,804,CEMENT,1,1,6,0.2178430042814397,27485392.0,137426961.0,10.0,2354.0
7,ADAMS,Adam Sugar Mills Limited,826,SUGAR & ALLIED INDUSTRIES,500,1,6,0.00798624323576025,4322741.0,17291008.0,10.0,
8,ADMM,Artistic Denim Mills Limited,829,TEXTILE COMPOSITE,500,1,6,0.02942005763943427,8400000.0,84000000.0,10.0,1033.0
9,AGHA,Agha Steel Ind.Ltd,808,ENGINEERING,1,1,6,0.04721671080123815,302439529.0,604879058.0,10.0,6357.0
10,AGIC,Askari General Insurance Company Limited,812,INSURANCE,500,1,12,0.014187975270895983,28760758.0,71901898.0,10.0,
11,AGIL,Agriauto Industries Limited,802,AUTOMOBILE PARTS & ACCESSORIES,500,1,6,0.029741453227091954,21600000.0,36000000.0,5.0,3335.0
12,AGL,Agritech Limited,805,CHEMICAL,1,1,12,0.12264322667165045,233554815.0,424645119.0,10.0,
13,AGP,AGP Limited,823,PHARMACEUTICALS,1,1,12,0.3409265502922677,84000000.0,280000000.0,10.0,
14,AGSML,Abdullah Shah Ghazi Sugar Mills Limited,826,SUGAR & ALLIED INDUSTRIES,500,1,9,0.004112669810581212,19815417.0,79261700.0,10.0,
15,AHCL,Arif Habib Corporation Limited,809,FERTILIZER,500,1,6,0.22630409671028082,40837500.0,421696747.0,10.0,2924.0
16,AHL,Arif Habib Limited,813,INV. BANKS / INV. COS. / SECURITIES COS.,500,1,6,0.022181610936945394,16335000.0,65340000.0,10.0,3065.0
17,AHTM,Ahmad Hassan Textile Mills Limited,829,TEXTILE COMPOSITE,500,1,6,0.003555300767635819,1270730.0,8471535.0,10.0,663.0
18,AICL,Adamjee Insurance Company Limited,812,INSURANCE,500,1,12,0.11077922938305497,262500000.0,350000000.0,10.0,
19,AIRLINK,Air Link Communication Limited,828,TECHNOLOGY & COMMUNICATION,1,1,6,0.4297025993015598,98817308.0,395269231.0,10.0,5797.0
20,AKBL,Askari Bank Limited,807,COMMERCIAL BANKS,500,1,12,0.43726656131703523,434789762.0,1449299207.0,10.0,
21,AKDHL,AKD Hospitality Limited,818,MISCELLANEOUS,1,1,6,0.0027909298858847047,1002909.0,2507273.0,10.0,792.0
22,AKDSL,AKD Securities Limited,813,INV. BANKS / INV. COS. / SECURITIES COS.,500,1,6,0.0787885450305691,27891709.0,557834171.0,10.0,4092.0
23,AKGL,Al-Khair Gadoon Limited,818,MISCELLANEOUS,500,1,6,0.002899580325496686,1000000.0,10000000.0,10.0,320.0
24,ALAC,Askari Life Assurance Company Limited,812,INSURANCE,500,1,12,0.006073183766693285,52560205.0,150172014.0,10.0,
25,ALIFE,Adamjee Life Assurance Company Limited,812,INSURANCE,500,1,12,0.05709502575139198,25000000.0,250000000.0,10.0,
26,ALNRS,Al-Noor Sugar Mills Limited,826,SUGAR & ALLIED INDUSTRIES,500,1,9,0.012494800468085227,6142111.0,20473702.0,10.0,
27,ALTN,Altern Energy Limited,824,POWER GENERATION & DISTRIBUTION,500,1,6,0.04993744071370666,90845000.0,363380000.0,10.0,
28,AMBL,Apna Microfinance Bank Limited,813,INV. BANKS / INV. COS. / SECURITIES COS.,500,1,12,0.03273358830918799,21449248.0,428984962.0,10.0,
29,AMTEX,Amtex Limited,830,TEXTILE SPINNING,500,1,6,0.006493006106922552,116743560.0,259430134.0,10.0,3102.0
30,ANL,Azgard Nine Limited,829,TEXTILE COMPOSITE,1,1,6,0.03070538566627226,242704866.0,485409731.0,10.0,6342.0
31,ANSM,Ansari Sugar Mills Limited,826,SUGAR & ALLIED INDUSTRIES,500,1,9,0.002488709619170072,25261450.0,56136657.0,10.0,
32,ANTM,AN Textile Mills Limited,829,TEXTILE COMPOSITE,500,1,6,0.0009788739003691507,1449000.0,9660000.0,10.0,939.0
33,APL,Attock Petroleum Limited,821,OIL & GAS MARKETING COMPANIES,1,1,6,0.4867523319252137,24883200.0,124416000.0,10.0,4317.0
34,ARCTM,Arctic Textile Mills Limited,830,TEXTILE SPINNING,500,1,6,0.0021111294955774434,2551500.0,13174800.0,10.0,1685.0
35,ARPAK,Arpak International Investments Ltd.,818,MISCELLANEOUS,500,1,6,0.001914333452791075,351556.0,4000000.0,10.0,592.0
36,ARPL,Archroma Pakistan Limited,805,CHEMICAL,1,1,9,0.11339273148959689,8640835.0,34563341.0,10.0,
37,ARUJ,Aruj Industries Limited,829,TEXTILE COMPOSITE,500,1,6,0.0008945430166611519,2402167.0,10457890.0,10.0,
38,ASC,Al Shaheer Corporation Limited,810,FOOD & PERSONAL CARE PRODUCTS,1,1,6,0.02317284048092556,371734105.0,374923537.0,10.0,
39,ASHT,Ashfaq Textile Mills Limited,831,TEXTILE WEAVING,500,1,6,0.004736326476394002,2328252.0,46565035.0,10.0,512.0
40,ASIC,Asia Insurance Company Limited,812,INSURANCE,500,1,12,0.009548480426663796,21902473.0,73008243.0,10.0,
41,ASL,Aisha Steel Mills Limited,808,ENGINEERING,1,1,6,0.06118132047595007,325505584.0,924800809.0,10.0,10998.0
42,ASTL,Amreli Steels Limited,808,ENGINEERING,1,1,6,0.05219376718098394,74252857.0,297011427.0,10.0,9012.0
43,ASTM,Asim Textile Mills Limited,830,TEXTILE SPINNING,500,1,6,0.0016699472085602931,2276550.0,15177000.0,10.0,1944.0
44,ATBA,Atlas Battery Limited,802,AUTOMOBILE PARTS & ACCESSORIES,1,1,6,0.09894556792113549,7003407.0,35017034.0,10.0,2687.0
45,ATIL,Atlas Insurance Limited,812,INSURANCE,500,1,6,0.06498641969161384,29883135.0,149415691.0,10.0,
46,ATRL,Attock Refinery Limited,825,REFINERY,1,1,6,0.4161707272686064,42646500.0,106616250.0,10.0,5892.0
47,AWTX,Allawasaya Tex. & Finishing Mills Ltd,830,TEXTILE SPINNING,1,1,6,0.007920676748515727,2851.0,800000.0,10.0,173.0
48,BAFL,Bank Alfalah Limited,807,COMMERCIAL BANKS,1,1,12,1.0010312311240512,709724304.0,1577165119.0,10.0,
49,BAFS,Baba Farid Sugar Mills Limited,826,SUGAR & ALLIED INDUSTRIES,500,1,9,0.0032015945078207883,472500.0,9450000.0,10.0,
50,BAHL,Bank AL Habib Limited,807,COMMERCIAL BANKS,1,1,12,1.1487960776408526,777997791.0,1111425419.0,10.0,
51,BAPL,Bawany Air Products Limited,805,CHEMICAL,500,1,6,0.0018021579594980806,4501506.0,7502510.0,10.0,816.0
52,BATA,Bata Pakistan Limited,816,LEATHER & TANNERIES,1,1,12,0.10181647398745389,1786364.0,7560000.0,10.0,
53,BCL,Bolan Castings Limited,808,ENGINEERING,500,1,6,0.01040072725420535,6309891.0,11472529.0,10.0,1166.0
54,BECO,Beco Steel Limited,808,ENGINEERING,500,1,3,0.005959520319419126,24992502.0,124962510.0,10.0,1241.0
55,BERG,Berger Paints Pakistan Limited,805,CHEMICAL,500,1,6,0.020712393930303233,9820646.0,24551652.0,10.0,1857.0
56,BFMOD,B.F. Modaraba,819,MODARABAS,500,1,6,0.0004730898297587946,2254547.0,7515158.0,10.0,1157.0
57,BGL,Baluchistan Glass Limited,811,GLASS & CERAMICS,500,1,6,0.024272966820797857,39240000.0,261600000.0,10.0,3219.0
58,BHAT,Bhanero Textile Mills Limited,829,TEXTILE COMPOSITE,1,1,6,0.019071830349665603,152048.0,3040964.0,10.0,436.0
59,BIFO,Biafo Industries Limited,805,CHEMICAL,1,1,6,0.06742920418258244,13914806.0,46382688.0,10.0,1704.0
60,BILF,Bilal Fibres Limited,830,TEXTILE SPINNING,500,1,9,0.0017461806853358898,11925865.0,14100000.0,10.0,
61,BIPL,BankIslami Pakistan Limited,807,COMMERCIAL BANKS,1,1,12,0.19398624755413907,166305495.0,1108703299.0,10.0,
62,BML,Bank Makramah Limited,807,COMMERCIAL BANKS,500,1,3,0.14300183998934493,993333086.0,6622220576.0,10.0,
63,BNL,Bunnys Limited,810,FOOD & PERSONAL CARE PRODUCTS,500,1,6,0.007814558012834833,33402635.0,66805269.0,10.0,2879.0
64,BNWM,Bannu Woollen Mills Limited,835,WOOLLEN,500,1,6,0.0026947569281124844,4753125.0,9506250.0,10.0,1096.0
65,BOK,The Bank of Khyber,807,COMMERCIAL BANKS,500,1,12,0.13431490182721192,57902734.0,1158054673.0,10.0,
66,BOP,The Bank of Punjab,807,COMMERCIAL BANKS,1,1,12,0.2249222738372306,1381780202.0,3271569319.0,10.0,
67,BTL,Blessed Textiles Limited,829,TEXTILE COMPOSITE,1,1,6,0.011288218816649414,964800.0,6432000.0,10.0,679.0
68,BUXL,Buxly Paints Limited,805,CHEMICAL,1,1,6,0.002130660458212026,576000.0,1440000.0,10.0,
69,BWCL,Bestway Cement Limited,804,CEMENT,1,1,6,1.5593613265921082,29812639.0,596252783.0,10.0,8641.0
70,BWHL,Baluchistan Wheels Limited,802,AUTOMOBILE PARTS & ACCESSORIES,1,1,6,0.014553841551998839,7333838.0,13334250.0,10.0,1369.0
71,CASH,Calcorp Limited,813,INV. BANKS / INV. COS. / SECURITIES COS.,500,1,9,0.0017216843668948086,1611662.0,10744413.0,10.0,781.0
72,CCM,Crescent Cotton Mills Limited,830,TEXTILE SPINNING,500,1,6,0.010428050820956785,10197057.0,22660123.0,10.0,1418.0
73,CENI,Century Insurance Company Limited,812,INSURANCE,500,1,12,0.016029693138973813,13831621.0,55326483.0,10.0,
74,CFL,Crescent Fibres Limited,830,TEXTILE SPINNING,500,1,6,0.0041663459848171255,3725363.0,12417876.0,10.0,1417.0
75,CHAS,Chashma Sugar Mills Limited,826,SUGAR & ALLIED INDUSTRIES,500,1,9,0.01383222330161146,4303800.0,28692000.0,10.0,
76,CHBL,Chenab Limited,829,TEXTILE COMPOSITE,500,1,3,0.007450013817891288,38259738.0,115000000.0,10.0,
77,CHCC,Cherat Cement Company Limited,804,CEMENT,1,1,6,0.4435236490513871,116577023.0,194295038.0,10.0,4740.0
78,CJPL,Crescent Jute Products Limited,814,JUTE,500,1,6,0.0009283918723822495,10693561.0,23763468.0,10.0,2149.0
79,CLOV,Clover Pakistan Limited,810,FOOD & PERSONAL CARE PRODUCTS,500,1,6,0.01040847076438314,17128682.0,31143059.0,10.0,2287.0
80,CLVL,Cordoba Logistics & Ventures Limited,833,TRANSPORT,500,1,6,0.0087426286275121,14421040.0,72105200.0,10.0,1753.0
81,CNERGY,Cnergyico PK  Limited,825,REFINERY,1,1,6,0.23976873967691997,1648034271.0,5493447571.0,10.0,26610.0
82,COLG,Colgate-Palmolive (Pakistan) Limited,810,FOOD & PERSONAL CARE PRODUCTS,1,1,6,2.85103372925154,24277327.0,242773288.0,10.0,4518.0
83,CPHL,Citi Pharma Ltd.,823,PHARMACEUTICALS,1,1,6,0.08259600799800168,79961420.0,228461200.0,10.0,8686.0
84,CPPL,Cherat Packaging Limited,822,"PAPER, BOARD & PACKAGING",1,1,6,0.0514055168441487,29457236.0,49095396.0,10.0,1532.0
85,CRTM,The Crescent Textile Mills Limited,829,TEXTILE COMPOSITE,500,1,6,0.010644511984389149,60000000.0,100000000.0,10.0,2746.0
86,CSAP,Crescent Steel & Allied Products Limited,808,ENGINEERING,500,1,6,0.06071228274911019,34934621.0,77632491.0,10.0,3225.0
87,CSIL,Crescent Star Insurance Limited,812,INSURANCE,500,1,12,0.002695386800741793,106198638.0,107695041.0,10.0,
88,CTM,Colony Textile Mills Limited,830,TEXTILE SPINNING,500,1,6,0.02029228102312955,49800996.0,498010000.0,10.0,2793.0
89,CWSM,Chakwal Spinning Mills Limited,830,TEXTILE SPINNING,500,1,6,0.06909391168345544,26591521.0,121576200.0,5.0,
90,CYAN,Cyan Limited,813,INV. BANKS / INV. COS. / SECURITIES COS.,500,1,12,0.01339653132995695,12311822.0,61558963.0,10.0,
91,DAAG,Data Agro Limited,805,CHEMICAL,500,1,6,0.0023471339687441595,800000.0,4000000.0,10.0,2200.0
92,DADX,Dadex Eternit Limited,808,ENGINEERING,500,1,6,0.004763796821503913,538200.0,10764000.0,10.0,3643.0
93,DAWH,Dawood Hercules Corporation Limited,813,INV. BANKS / INV. COS. / SECURITIES COS.,1,1,12,0.6351133448366495,336900981.0,481287116.0,10.0,
94,DCL,Dewan Cement Limited,804,CEMENT,500,1,6,0.03413269433679114,121028336.0,484113343.0,10.0,8046.0
95,DEL,Dawood Equities Limited,813,INV. BANKS / INV. COS. / SECURITIES COS.,500,1,6,0.0019305100588175304,12375000.0,27500000.0,10.0,2698.0
96,DFML,Dewan Farooque Motors Limited,801,AUTOMOBILE ASSEMBLER,1,1,6,0.041751804469687834,55494097.0,138735242.0,10.0,
97,DFSM,Dewan Farooque Spinning Mills Limited,830,TEXTILE SPINNING,500,1,6,0.003095420368256216,34212754.0,97750726.0,10.0,2152.0
98,DGKC,D.G. Khan Cement Company Limited,804,CEMENT,1,1,6,0.2985683863292648,219059559.0,438119097.0,10.0,10700.0
99,DIIL,Diamond Industries Limited,818,MISCELLANEOUS,500,1,6,0.0013460157089937247,1350000.0,9000000.0,10.0,271.0
100,DINT,Din Textile Mills Limited,830,TEXTILE SPINNING,500,1,6,0.021934968304164342,7870012.0,52466750.0,10.0,854.0
101,DLL,Dawood Lawrencepur Limited,813,INV. BANKS / INV. COS. / SECURITIES COS.,1,1,12,0.09420299431205462,5929981.0,59299809.0,10.0,
102,DMTX,D.M. Textile Mills Limited,830,TEXTILE SPINNING,500,1,6,0.0010630131286850613,915729.0,3052400.0,10.0,337.0
103,DNCC,Dandot Cement Company Limited,804,CEMENT,500,1,6,0.028363792421713177,94906540.0,316355132.0,10.0,702.0
104,DOL,Descon Oxychem Limited,805,CHEMICAL,500,1,6,0.03276153774943702,52509325.0,175031084.0,10.0,
105,DSFL,Dewan Salman Fibre Limited,827,SYNTHETIC & RAYON,500,1,6,0.00245977926730244,146528433.0,366321085.0,10.0,
106,DSIL,D.S. Industries Limited,830,TEXTILE SPINNING,500,1,6,0.003780281574506061,66948505.0,83685631.0,10.0,1589.0
107,DSL,Dost Steels Limited,808,ENGINEERING,500,1,6,0.023481208888578443,333521683.0,444695577.0,10.0,
108,DWAE,Dewan Automotive Engineering Limited,802,AUTOMOBILE PARTS & ACCESSORIES,500,1,6,0.006613332284494678,3210000.0,21400000.0,10.0,1197.0
109,DWSM,Dewan Sugar Mills Limited,826,SUGAR & ALLIED INDUSTRIES,500,1,9,0.0045388195133588575,18302398.0,91511992.0,10.0,
110,DWTM,Dewan Textile Mills Limited,830,TEXTILE SPINNING,500,1,6,0.0024147694560319216,2303230.0,46064609.0,10.0,320.0
111,DYNO,Dynea Pakistan Limited,805,CHEMICAL,1,1,6,0.03262009589671152,12267068.0,18872400.0,5.0,1523.0
112,ECOP,Ecopack Limited,818,MISCELLANEOUS,500,1,6,0.008775031413003093,38606734.0,48258419.0,10.0,2224.0
113,EFERT,Engro Fertilizers Limited,809,FERTILIZER,1,1,12,2.0541978153468556,600884719.0,1335299375.0,10.0,
114,EFGH,EFG Hermes Pakistan Limited,813,INV. BANKS / INV. COS. / SECURITIES COS.,500,1,3,,,,10.0,
115,EFUG,EFU General Insurance Limited,812,INSURANCE,500,1,12,0.20945652614443167,50000000.0,200000000.0,10.0,
116,EFUL,EFU Life Assurance Limited,812,INSURANCE,1,1,12,0.14024201767991762,10500000.0,105000000.0,10.0,
117,ELCM,Elahi Cotton Mills Limited,830,TEXTILE SPINNING,500,1,6,0.000845647340982027,260000.0,1300000.0,10.0,137.0
118,ELSM,Ellcot Spinning Mills Limited,830,TEXTILE SPINNING,500,1,6,0.007937601141047178,3285000.0,10950000.0,10.0,479.0
119,EMCO,Emco Industries Limited,803,CABLE & ELECTRICAL GOODS,500,1,6,0.008546050175337737,10500000.0,34999667.0,10.0,749.0
120,ENGRO,Engro Corporation Limited,809,FERTILIZER,1,1,12,1.4662763518241273,268313234.0,536626468.0,10.0,
121,EPCL,Engro Polymer & Chemicals Limited,805,CHEMICAL,1,1,12,0.2576544324759859,227230833.0,908923333.0,10.0,
122,EPQL,Engro Powergen Qadirpur Limited,824,POWER GENERATION & DISTRIBUTION,500,1,12,0.06722904372805381,97140000.0,323800000.0,10.0,
123,ESBL,Escorts Investment Bank Limited,813,INV. BANKS / INV. COS. / SECURITIES COS.,500,1,6,0.0072428464341090905,20340000.0,135600000.0,10.0,936.0
124,EXIDE,Exide Pakistan Limited,802,AUTOMOBILE PARTS & ACCESSORIES,1,1,3,0.049991712495315525,1942155.0,7768618.0,10.0,2043.0
125,FABL,Faysal Bank Limited,807,COMMERCIAL BANKS,1,1,12,0.5584235095436713,379424131.0,1517696526.0,10.0,
126,FANM,First Al-Noor Modaraba,819,MODARABAS,500,1,6,0.0005816710742437167,12705000.0,23100000.0,10.0,544.0
127,FASM,Faisal Spinning Mills Limited,829,TEXTILE COMPOSITE,1,1,6,0.01768896608043794,1000000.0,10000000.0,10.0,803.0
128,FATIMA,Fatima Fertilizer Company Limited,809,FERTILIZER,1,1,12,1.1614192689031568,315000000.0,2100000000.0,10.0,
129,FCCL,Fauji Cement Company Limited,804,CEMENT,1,1,6,0.721329603719027,858496527.0,2452847220.0,10.0,13139.0
130,FCEL,First Capital Equities Limited,813,INV. BANKS / INV. COS. / SECURITIES COS.,500,1,6,0.006794278687088664,42400650.0,141335500.0,10.0,310.0
131,FCEPL,Frieslandcampina Engro Pakistan Limited,810,FOOD & PERSONAL CARE PRODUCTS,1,1,12,0.4904798902263935,76659608.0,766596075.0,10.0,
132,FCIBL,First Credit and Investment Bank Limited,813,INV. BANKS / INV. COS. / SECURITIES COS.,500,1,6,0.003952967335851469,26000000.0,65000000.0,10.0,1030.0
133,FCSC,First Capital Securities Corporation,813,INV. BANKS / INV. COS. / SECURITIES COS.,500,1,6,0.005773966158248187,174135562.0,316610115.0,10.0,3919.0
134,FDPL,First Dawood Properties Limited,813,INV. BANKS / INV. COS. / SECURITIES COS.,500,1,6,0.0029552672237052363,133551021.0,148390023.0,10.0,3573.0
135,FECM,First Elite Capital Modaraba,819,MODARABAS,500,1,6,0.0005589810951492512,7938000.0,11340000.0,10.0,4272.0
136,FECTC,Fecto Cement Limited,804,CEMENT,500,1,6,0.032762938013852154,12540000.0,50160000.0,10.0,1856.0
137,FEM,First Equity Modaraba,819,MODARABAS,500,1,9,0.0011604120462637736,36708000.0,52440000.0,10.0,
138,FEROZ,Ferozsons Laboratories Limited,823,PHARMACEUTICALS,1,1,6,0.12043976961273266,17387621.0,43469051.0,10.0,4196.0
139,FFBL,Fauji Fertilizer Bin Qasim Limited,809,FERTILIZER,1,1,12,0.7630064116332276,451938500.0,1291252857.0,10.0,
140,FFC,Fauji Fertilizer Company Limited,809,FERTILIZER,1,1,12,3.2277400350312107,699731036.0,1272238147.0,10.0,
141,FFL,Fauji Foods Limited,810,FOOD & PERSONAL CARE PRODUCTS,1,1,12,0.261892368523015,503992628.0,2519963139.0,10.0,
142,FFLM,First Fidelity Leasing Modaraba,819,MODARABAS,500,1,6,0.0004555026812206105,17168973.0,26413804.0,10.0,
143,FIBLM,First IBL Modaraba,819,MODARABAS,500,1,6,0.0005543778206206616,16265625.0,21687500.0,10.0,
144,FIL,Fateh Industries Limited,816,LEATHER & TANNERIES,1,0,6,0.002044051519984348,48581.0,2000000.0,10.0,123.0
145,FIMM,First Imrooz Modaraba,819,MODARABAS,1,1,6,0.004938824646520342,600000.0,3000000.0,10.0,219.0
146,FLYNG,Flying Cement Company Limited,804,CEMENT,500,1,6,0.15141522998428839,277920000.0,694800000.0,10.0,6381.0
147,FML,Feroze1888 Mills Limited,829,TEXTILE COMPOSITE,500,1,6,0.21126520562268192,39940903.0,399409026.0,10.0,1084.0
148,FPJM,First Punjab Modaraba,819,MODARABAS,500,1,12,0.0009708619021013309,13608000.0,34020000.0,10.0,
149,FRCL,Frontier Ceramics Limited,811,GLASS & CERAMICS,500,1,6,0.004814660480197106,1893691.0,37873821.0,10.0,861.0
150,FRSM,Faran Sugar Mills Limited,826,SUGAR & ALLIED INDUSTRIES,500,1,9,0.008987453807923413,6251739.0,25007151.0,10.0,
151,FSWL,Fateh Sports Wear Limited,829,TEXTILE COMPOSITE,500,1,6,0.0017087684686624418,88570.0,2000000.0,10.0,132.0
152,FTMM,First Treet Manufacturing Modaraba,819,MODARABAS,500,1,6,0.0344527093980111,44179514.0,883590287.0,10.0,488.0
153,FTSM,First Tri-Star Modaraba,819,MODARABAS,500,1,6,0.0022301013078701143,8465242.0,21163104.0,10.0,2585.0
154,FZCM,Fazal Cloth Mills Limited,829,TEXTILE COMPOSITE,1,1,6,0.03319256425239627,3000000.0,30000000.0,10.0,1400.0
155,GADT,Gadoon Textile Mills Limited,830,TEXTILE SPINNING,1,1,6,0.045158416170938236,8408875.0,28029583.0,10.0,2065.0
156,GAL,Ghandhara Automobiles Limited,801,AUTOMOBILE ASSEMBLER,1,1,3,0.1088825667739673,22801000.0,57002500.0,10.0,6488.0
157,GAMON,Gammon Pakistan Limited,818,MISCELLANEOUS,500,1,6,0.012727557452110426,3648076.0,28266231.0,10.0,2315.0
158,GATI,Gatron (Industries) Limited,827,SYNTHETIC & RAYON,1,1,6,0.14518937319697453,10872896.0,108728960.0,10.0,1435.0
159,GATM,Gul Ahmed Textile Mills Limited,829,TEXTILE COMPOSITE,1,1,6,0.1342857754027468,185014865.0,740059458.0,10.0,7693.0
160,GCIL,Ghani Chemical Industries Limited,805,CHEMICAL,500,1,6,0.05599057205395853,125046993.0,500187971.0,10.0,6623.0
161,GEMPAPL,Pak Agro Packaging Limited(GEM),822,"PAPER, BOARD & PACKAGING",500,1,6,0.0012590282992288242,8000000.0,20000000.0,10.0,
162,GEMSPNL,Supernet Limited,828,TECHNOLOGY & COMMUNICATION,500,1,6,0.013480100113534286,24688891.0,135788901.0,10.0,123.0
163,GFIL,Ghazi Fabrics International Limited,829,TEXTILE COMPOSITE,500,1,6,0.002365738591769491,3263560.0,32635600.0,10.0,4632.0
164,GGGL,Ghani Global Glass Limited,811,GLASS & CERAMICS,500,1,6,0.012727631534022295,120000000.0,240000000.0,10.0,6227.0
165,GGL,Ghani Global Holdings Limited,805,CHEMICAL,1,1,6,0.03212797513389308,177059795.0,354119590.0,10.0,8854.0
166,GHGL,Ghani Glass Limited,811,GLASS & CERAMICS,500,1,6,0.21290581446744714,349900193.0,999714838.0,10.0,4787.0
167,GHNI,Ghandhara Industries Limited,801,AUTOMOBILE ASSEMBLER,1,1,6,0.13063225474348333,14913095.0,42608844.0,10.0,8166.0
168,GIL,Good Luck Industries Ltd.,810,FOOD & PERSONAL CARE PRODUCTS,1,0,6,0.002394900739369447,116.0,300000.0,10.0,79.0
169,GLAXO,GlaxoSmithKline Pakistan Limited,823,PHARMACEUTICALS,500,1,12,0.9087196120393366,63693456.0,318467278.0,10.0,
170,GLPL,Gillette Pakistan Limited,810,FOOD & PERSONAL CARE PRODUCTS,1,1,6,0.03841806460653782,3187200.0,31872000.0,10.0,1003.0
171,GOC,GOC (Pak) Limited.,818,MISCELLANEOUS,500,1,6,0.003302874979124125,1102401.0,7348950.0,10.0,329.0
172,GRR,Globe Residency REIT,836,REAL ESTATE INVESTMENT TRUST,500,1,6,0.01479549013457388,42000000.0,140000000.0,10.0,1324.0
173,GRYL,Grays Leasing Limited,815,LEASING COMPANIES,500,1,6,0.0008038704928712523,2150000.0,21500000.0,10.0,415.0
174,GSPM,Gulshan Spinning Mills Limited,830,TEXTILE SPINNING,500,1,3,0.0007648400156872504,20632740.0,22225038.0,10.0,3523.0
175,GUSM,Gulistan Spinning Mills Limited,830,TEXTILE SPINNING,500,1,3,0.0010657875997499874,11712800.0,14641000.0,10.0,1755.0
176,GUTM,Gulistan Textile Mills Limited,830,TEXTILE SPINNING,500,1,3,0.002172839279721609,5695170.0,18983872.0,10.0,1075.0
177,GVGL,Ghani Value Glass Limited,811,GLASS & CERAMICS,500,1,6,0.04919758878818328,29376188.0,149942178.0,10.0,3159.0
178,GWLC,Gharibwal Cement Limited,804,CEMENT,500,1,6,0.12458409185098256,40027396.0,400273960.0,10.0,3299.0
179,HABSM,Habib Sugar Mills Limited,826,SUGAR & ALLIED INDUSTRIES,500,1,9,0.07785602088194825,40500000.0,135000000.0,5.0,
180,HAEL,Hala Enterprises Limited,829,TEXTILE COMPOSITE,500,1,3,0.0016551133658293633,1599557.0,12996304.0,10.0,871.0
181,HAFL,Hafiz Limited,829,TEXTILE COMPOSITE,1,1,6,0.0025987259753027826,40448.0,1200000.0,10.0,1025.0
182,HALEON,Haleon Pakistan Limited,823,PHARMACEUTICALS,1,1,9,0.7591059767422248,15700898.0,117054508.0,10.0,
183,HASCOL,Hascol Petroleum Limited,821,OIL & GAS MARKETING COMPANIES,500,1,12,0.10284458866163289,599472408.0,999120680.0,10.0,
184,HATM,Hamid Textile Mills Limited,829,TEXTILE COMPOSITE,500,0,6,9.823054773796306e-05,5972220.0,13271600.0,10.0,296.0
185,HCAR,Honda Atlas Cars (Pakistan) Limited,801,AUTOMOBILE ASSEMBLER,1,1,3,0.2939063758179484,28560000.0,142800000.0,10.0,7871.0
186,HCL,Hallmark Company Limited,828,TECHNOLOGY & COMMUNICATION,1,1,6,0.0026963426361029906,50000.0,500000.0,10.0,578.0
187,HICL,Habib Insurance Company Limited,812,INSURANCE,500,1,12,0.006711084466337968,68131115.0,123874755.0,5.0,
188,HINO,Hinopak Motors Limited,801,AUTOMOBILE ASSEMBLER,1,1,3,0.06063009355731375,2548886.0,24801120.0,10.0,1659.0
189,HINOON,Highnoon Laboratories Limited,823,PHARMACEUTICALS,1,1,12,0.3763195801234996,21193345.0,52983368.0,10.0,
190,HIRAT,Hira Textile Mills Limited,830,TEXTILE SPINNING,500,1,6,0.002332026068668747,43288960.0,86577920.0,10.0,1970.0
191,HMB,Habib Metropolitan Bank Limited,807,COMMERCIAL BANKS,500,1,9,0.7035997259428383,471524166.0,1047831480.0,10.0,
192,HMIM,Haji Mohammad Ismail Mills Limited,830,TEXTILE SPINNING,500,1,6,0.0007995333311422725,5987520.0,11975040.0,10.0,494.0
193,HPL,Hoechst Pakistan Limited,823,PHARMACEUTICALS,1,1,6,0.19708580547876967,964476.0,9644800.0,10.0,
194,HRPL,Habib Rice Product Limited.,826,SUGAR & ALLIED INDUSTRIES,500,1,6,0.009904355953933417,8000000.0,40000000.0,5.0,2259.0
195,HTL,Hi-Tech Lubricants Limited,821,OIL & GAS MARKETING COMPANIES,500,1,6,0.05445892644431401,34801200.0,139204800.0,10.0,5403.0
196,HUBC,The Hub Power Company Limited,824,POWER GENERATION & DISTRIBUTION,1,1,6,1.0817418871392808,972865790.0,1297154400.0,10.0,23239.0
197,HUMNL,Hum Network Limited,828,TECHNOLOGY & COMMUNICATION,500,1,6,0.1309192564954825,567000000.0,1134000000.0,1.0,4916.0
198,HUSI,Husein Industries Limited,838,PROPERTY,500,1,6,0.0015429579788367837,2656463.0,10625852.0,10.0,996.0
199,HWQS,Haseeb Waqas Sugar Mills Limited,826,SUGAR & ALLIED INDUSTRIES,500,1,12,0.003755383828092492,12960000.0,32400000.0,10.0,
200,IBFL,Ibrahim Fibres Limited,827,SYNTHETIC & RAYON,1,1,12,0.8377663454637365,15525350.0,310506995.0,10.0,
201,IBLHL,IBL HealthCare Limited,823,PHARMACEUTICALS,500,1,6,0.02894756860470284,21418691.0,85674767.0,10.0,5263.0
202,ICCI,ICC Industries Limited,831,TEXTILE WEAVING,500,1,12,0.0019550005613109163,4500168.0,30001120.0,10.0,1527.0
203,ICIBL,Invest Capital Investment Bank Limited,813,INV. BANKS / INV. COS. / SECURITIES COS.,500,1,6,0.00373871170759549,156676793.0,284866896.0,10.0,9562.0
204,ICL,Ittehad Chemicals Limted,805,CHEMICAL,500,1,6,0.05662575100087645,30000000.0,99999999.0,10.0,1090.0
205,IDRT,Idrees Textile Mills Limited,830,TEXTILE SPINNING,500,1,6,0.0022026105833651043,1985280.0,19852800.0,10.0,1406.0
206,IDSM,Ideal Spinning Mills Limited,830,TEXTILE SPINNING,500,1,6,0.0008031166019866232,1488000.0,9920000.0,10.0,1324.0
207,IDYM,Indus Dyeing & Manufacturing Co. Limited,830,TEXTILE SPINNING,1,1,6,0.05264344198403371,8133179.0,54221193.0,10.0,2099.0
208,IGIHL,IGI Holdings Limited,812,INSURANCE,1,1,12,0.19099257259214847,28526110.0,142630550.0,10.0,
209,IGIL,IGI Life Insurance Limited,812,INSURANCE,500,1,12,0.01926232842096543,34113440.0,170567200.0,10.0,
210,ILP,Interloop Limited,829,TEXTILE COMPOSITE,1,1,6,0.7336186397832783,280341894.0,1401709468.0,10.0,7268.0
211,IMAGE,Image Pakistan Limited,827,SYNTHETIC & RAYON,500,1,6,0.03160577889229844,149740273.0,230369650.0,10.0,6685.0
212,IML,Imperial  Limited,813,INV. BANKS / INV. COS. / SECURITIES COS.,500,1,6,0.014771385465499554,24755000.0,99020000.0,10.0,
213,INDU,Indus Motor Company Limited,801,AUTOMOBILE ASSEMBLER,1,1,6,1.215458091208628,13943853.0,78600000.0,10.0,4109.0
214,INIL,International Industries Limited,808,ENGINEERING,1,1,6,0.15772071777668478,59346846.0,131881860.0,10.0,4177.0
215,INKL,International Knitwear Limited,829,TEXTILE COMPOSITE,500,1,6,0.0012144186374447848,3870000.0,9675000.0,10.0,1238.0
216,ISIL,Ismail Industries Limited,810,FOOD & PERSONAL CARE PRODUCTS,1,1,6,0.8100447657491562,3317847.0,66356940.0,10.0,1588.0
217,ISL,International Steels Limited,808,ENGINEERING,1,1,6,0.26155740630888263,152250000.0,435000000.0,10.0,5623.0
218,ITTEFAQ,Ittefaq Iron Industries Limited,808,ENGINEERING,500,1,6,0.007478562792460687,93823187.0,144343364.0,10.0,4974.0
219,JATM,J.A. Textile Mills Limited,830,TEXTILE SPINNING,500,1,6,0.006572066830787627,1890174.0,12601200.0,10.0,
220,JDMT,Janana De Malucho Textile Mills Limited,830,TEXTILE SPINNING,500,1,6,0.0035356572478712853,2074747.0,6915822.0,10.0,2672.0
221,JDWS,JDW Sugar Mills Limited,826,SUGAR & ALLIED INDUSTRIES,1,1,9,0.27339258353763407,8666499.0,57776661.0,10.0,
222,JGICL,Jubilee General Insurance Limited,812,INSURANCE,500,1,12,0.0695496703719804,49622810.0,198491379.0,10.0,
223,JKSM,J.K. Spinning Mills Limited,830,TEXTILE SPINNING,500,1,6,0.04617243690432196,5115875.0,102317502.0,10.0,272.0
224,JLICL,Jubilee Life Insurance Company Limited,812,INSURANCE,1,1,12,0.12272569103789284,20070662.0,100353310.0,10.0,
225,JSBL,JS Bank Limited,807,COMMERCIAL BANKS,500,1,12,0.1397324274750404,410132507.0,2050662536.0,10.0,
226,JSCL,Jahangir Siddiqui & Co. Ltd.,813,INV. BANKS / INV. COS. / SECURITIES COS.,500,1,12,0.12405608253609268,228985597.0,915942388.0,10.0,
227,JSGBETF,JS Global Banking Sector(ETF),837,EXCHANGE TRADED FUNDS,500,1,6,,,,,
228,JSIL,JS Investments Limited,813,INV. BANKS / INV. COS. / SECURITIES COS.,500,1,12,0.01154848874824998,12354851.0,61774256.0,10.0,
229,JSML,Jauharabad Sugar Mills Limited,826,SUGAR & ALLIED INDUSTRIES,500,1,9,0.006838532021277817,13651381.0,34128454.0,10.0,
230,JUBS,Jubilee Spinning & Weaving Mills Ltd.,829,TEXTILE COMPOSITE,500,1,6,0.0029726005174959417,6498241.0,32491205.0,10.0,1538.0
231,JVDC,Javedan Corporation Limited,838,PROPERTY,500,1,6,0.16451692191383568,133301156.0,380860447.0,10.0,3015.0
232,KAPCO,Kot Addu Power Company Limited,824,POWER GENERATION & DISTRIBUTION,1,1,6,0.2416686594480728,456366078.0,880253228.0,10.0,61328.0
233,KCL,Karam Ceramics Limited,811,GLASS & CERAMICS,500,1,6,0.00737036763732094,727434.0,14549060.0,10.0,284.0
234,KEL,K-Electric Limited,824,POWER GENERATION & DISTRIBUTION,1,1,6,1.2179444716935846,2761519425.0,27615194245.0,3.5,
235,KHTC,Khyber Tobacco Company Limited,832,TOBACCO,1,1,9,0.013345741930889379,983960.0,6922368.0,10.0,
236,KHYT,Khyber Textile Mills Limited,829,TEXTILE COMPOSITE,1,1,6,0.003381273107069823,17766.0,1227500.0,10.0,522.0
237,KML,Kohinoor Mills Limited,829,TEXTILE COMPOSITE,500,1,6,0.012563287103904593,7636652.0,50911011.0,10.0,1354.0
238,KOHC,Kohat Cement Company Limited,804,CEMENT,1,1,6,0.6343467390680334,58758389.0,195861297.0,10.0,2210.0
239,KOHE,Kohinoor Energy Limited,824,POWER GENERATION & DISTRIBUTION,500,1,6,0.03064527646427893,67783446.0,169458614.0,10.0,2660.0
240,KOHP,Kohinoor Power Company Limited,824,POWER GENERATION & DISTRIBUTION,500,1,6,0.0006730078544968624,6930000.0,12600000.0,10.0,1332.0
241,KOHTM,Kohat Textile Mills Limited,830,TEXTILE SPINNING,500,1,6,0.004956634174098524,4160000.0,20800000.0,10.0,780.0
242,KOIL,Kohinoor Industries Limited,829,TEXTILE COMPOSITE,500,1,6,0.0018682823668965739,16666399.0,30302580.0,10.0,2048.0
243,KPUS,Khairpur Sugar Mills Limited,826,SUGAR & ALLIED INDUSTRIES,1,1,9,0.028571632614957536,800875.0,16017500.0,10.0,
244,KSBP,KSB Pumps Company Limited,808,ENGINEERING,1,1,12,0.03404215654871588,8365701.0,30900000.0,10.0,
245,KSTM,Khalid Siraj Textile Mills Limited,830,TEXTILE SPINNING,500,1,6,0.0008760624125015789,3210000.0,10700000.0,10.0,
246,KTML,Kohinoor Textile Mills Limited,829,TEXTILE COMPOSITE,1,1,6,0.22936600059537537,53859891.0,269299456.0,10.0,4438.0
247,LCI,Lucky Core Industries Limited,805,CHEMICAL,1,1,6,0.8193557954658499,13853858.0,92359050.0,10.0,9231.0
248,LEUL,Leather Up Limited,816,LEATHER & TANNERIES,500,1,6,0.0008533922726409194,1772800.0,6000000.0,10.0,1269.0
249,LOADS,Loads Limited,802,AUTOMOBILE PARTS & ACCESSORIES,500,1,6,0.0273386549465728,125625000.0,251250000.0,10.0,8182.0
250,LOTCHEM,Lotte Chemical Pakistan Limited,805,CHEMICAL,1,1,12,0.22172355299519397,378551802.0,1514207200.0,10.0,
251,LPGL,Leiner Pak Gelatine Limited,805,CHEMICAL,500,1,6,0.004613766431083082,1875000.0,7500000.0,10.0,669.0
252,LPL,Lalpir Power Limited,824,POWER GENERATION & DISTRIBUTION,1,1,12,0.06173485018893584,151935493.0,379838732.0,10.0,
253,LSEVL,LSE Ventures Limited,813,INV. BANKS / INV. COS. / SECURITIES COS.,500,1,3,0.011648544932804672,107758728.0,179597880.0,10.0,
254,LUCK,Lucky Cement Limited,804,CEMENT,1,1,6,2.3253817749707557,87900000.0,293000000.0,10.0,9640.0
255,MACFL,MACPAC Films Limited,822,"PAPER, BOARD & PACKAGING",500,1,6,0.007977502986986181,20755403.0,59301150.0,10.0,1196.0
256,MACTER,Macter International Limited,823,PHARMACEUTICALS,500,1,6,0.0999321574925828,16033856.0,45811018.0,10.0,1104.0
257,MARI,Mari Petroleum Company Limited,820,OIL & GAS EXPLORATION COMPANIES,1,1,6,4.256257389030492,240124500.0,1200622500.0,10.0,5066.0
258,MCB,MCB Bank Limited,807,COMMERCIAL BANKS,1,1,12,2.486073826482778,414771002.0,1185060006.0,10.0,
259,MCBIM,MCB Investment Management Limited.,813,INV. BANKS / INV. COS. / SECURITIES COS.,500,1,3,0.03618859377608843,10800000.0,72000000.0,10.0,931.0
260,MDTL,Media Times Limited,828,TECHNOLOGY & COMMUNICATION,500,1,9,0.003452736738346747,116253157.0,178851010.0,10.0,2818.0
261,MEBL,Meezan Bank Limited,807,COMMERCIAL BANKS,1,1,12,3.2593441514641612,448685179.0,1794740714.0,10.0,
262,MEHT,Mehmood Textile Mills Limited,829,TEXTILE COMPOSITE,1,1,6,0.13829853581438076,22500000.0,30000000.0,10.0,131.0
263,MERIT,Merit Packaging Limited,822,"PAPER, BOARD & PACKAGING",500,1,6,0.01629530569115855,39991685.0,199958427.0,10.0,1550.0
264,MFFL,Mitchells Fruit Farms Limited,810,FOOD & PERSONAL CARE PRODUCTS,1,1,6,0.03463363659798177,6862500.0,22875000.0,10.0,1833.0
265,MFL,Matco Foods Limited,810,FOOD & PERSONAL CARE PRODUCTS,500,1,6,0.027374819263078477,30600175.0,122400698.0,10.0,1960.0
266,MIRKS,Mirpurkhas Sugar Mills Limited,826,SUGAR & ALLIED INDUSTRIES,500,1,9,0.016317807510991753,29951050.0,66557888.0,10.0,
267,MLCF,Maple Leaf Cement Factory Limited,804,CEMENT,1,1,6,0.35594609354900253,471403174.0,1047562608.0,10.0,13778.0
268,MQTM,Maqbool Textile Mills Limited,830,TEXTILE SPINNING,500,1,6,0.0037988189309304692,4608000.0,18432000.0,10.0,
269,MRNS,Mehran Sugar Mills Limited,826,SUGAR & ALLIED INDUSTRIES,500,1,9,0.027534811175900238,18731902.0,74927989.0,10.0,
270,MSCL,Metropolitan Steel Corporation Limited,808,ENGINEERING,500,1,6,0.0026993799464939483,7744400.0,30977500.0,10.0,3609.0
271,MSOT,Masood Textile Mills Limited,829,TEXTILE COMPOSITE,500,1,6,0.027457690349408977,13500000.0,67500000.0,10.0,1296.0
272,MTL,Millat Tractors Limited,801,AUTOMOBILE ASSEMBLER,1,1,6,0.8710966819097491,86309203.0,191798229.0,10.0,10003.0
273,MUBT,Mubarak Textile Mills Limited,829,TEXTILE COMPOSITE,500,1,6,0.00015863756570283185,666000.0,5400000.0,10.0,611.0
274,MUGHAL,Mughal Iron & Steel Industries Limited,808,ENGINEERING,1,1,6,0.19520293989894588,83908483.0,335633933.0,10.0,6014.0
275,MWMP,Mandviwala Mauser Plastic Industries,818,MISCELLANEOUS,500,1,6,0.003413271116565013,2874813.0,28748133.0,10.0,
276,NAGC,Nagina Cotton Mills Limited,830,TEXTILE SPINNING,500,1,6,0.006709277871370455,1870000.0,18700000.0,10.0,927.0
277,NATF,National Foods Limited,810,FOOD & PERSONAL CARE PRODUCTS,1,1,6,0.3197357014396451,58278856.0,233115250.0,5.0,3737.0
278,NATM,Nadeem Textile Mills Limited,830,TEXTILE SPINNING,500,1,6,0.012982022398642476,1063337.0,21266735.0,10.0,41.0
279,NBP,National Bank of Pakistan,807,COMMERCIAL BANKS,1,1,12,1.1951421274850236,509331527.0,2127512862.0,10.0,
280,NCL,Nishat Chunian Limited,829,TEXTILE COMPOSITE,1,1,6,0.06830524128754695,108053563.0,240119029.0,10.0,7776.0
281,NCML,Nazir Cotton Mills Limited,830,TEXTILE SPINNING,500,1,6,0.0024359526923988474,18358283.0,23000000.0,10.0,770.0
282,NCPL,Nishat Chunian Power Limited,824,POWER GENERATION & DISTRIBUTION,1,1,6,0.07744775939655163,202040816.0,367346939.0,10.0,9455.0
283,NESTLE,Nestle Pakistan Limited,810,FOOD & PERSONAL CARE PRODUCTS,1,1,12,2.2952290112488325,2267479.0,45349551.0,10.0,
284,NETSOL,NetSol Technologies Limited,828,TECHNOLOGY & COMMUNICATION,1,1,6,0.09668954279976358,31442923.0,89836923.0,10.0,6457.0
285,NEXT,Next Capital Limited,813,INV. BANKS / INV. COS. / SECURITIES COS.,500,1,6,0.002606188579403666,28462500.0,56925000.0,10.0,793.0
286,NICL,Nimir Industrial Chemicals Limited,805,CHEMICAL,500,1,6,0.11314452699199805,38706691.0,110590546.0,10.0,1826.0
287,NML,Nishat Mills Limited,829,TEXTILE COMPOSITE,1,1,6,0.21787617225984532,140639939.0,351599848.0,10.0,13209.0
288,NONS,Noon Sugar Mills Limited,826,SUGAR & ALLIED INDUSTRIES,500,1,9,0.01020639750585404,3303491.0,16517456.0,10.0,
289,NPL,Nishat Power Limited,824,POWER GENERATION & DISTRIBUTION,1,1,6,0.08505465619395856,159339825.0,354088500.0,10.0,4743.0
290,NRL,National Refinery Limited,825,REFINERY,1,1,6,0.14780457969094818,26272664.0,79966560.0,10.0,7540.0
291,NRSL,Nimir Resins Limited,805,CHEMICAL,500,1,6,0.02696945986118452,56528426.0,141321100.0,10.0,4944.0
292,NSRM,The National Silk & Rayon Mills Limited,827,SYNTHETIC & RAYON,500,1,6,0.006579496421793019,777659.0,15553133.0,10.0,600.0
293,OBOY,Oilboy Energy Limited,821,OIL & GAS MARKETING COMPANIES,500,1,6,0.0018713738811264795,16475220.0,25000000.0,10.0,
294,OCTOPUS,Octopus Digital Limited,828,TECHNOLOGY & COMMUNICATION,500,1,9,0.0853791118865238,47178751.0,157262502.0,10.0,
295,OGDC,Oil & Gas Development Company Limited,820,OIL & GAS EXPLORATION COMPANIES,1,1,6,6.293203584402911,645139260.0,4300928400.0,10.0,31665.0
296,OLPL,OLP Financial Services Pakistan Limited,813,INV. BANKS / INV. COS. / SECURITIES COS.,500,1,6,0.042415277440691526,87703824.0,175407648.0,10.0,3436.0
297,OLPM,OLP Modaraba,819,MODARABAS,500,1,6,0.005194468053536392,34037648.0,45383530.0,10.0,8255.0
298,OML,Olympia Mills Limited,818,MISCELLANEOUS,500,1,6,0.002776271856917669,1200000.0,12000000.0,10.0,364.0
299,ORM,Orient Rental Mod,819,MODARABAS,500,1,6,0.004521056165412596,26250000.0,75000000.0,10.0,639.0
300,OTSU,Otsuka Pakistan Limited,823,PHARMACEUTICALS,1,1,6,0.015139143816467021,2970872.0,12100000.0,10.0,1291.0
301,PABC,Pakistan Aluminium Beverage Cans Limited,818,MISCELLANEOUS,1,1,12,0.23148345071686044,90277064.0,361108254.0,10.0,
302,PACE,Pace (Pakistan) Limited,838,PROPERTY,500,1,6,0.014406294797716249,209157453.0,278876604.0,10.0,9676.0
303,PAEL,Pak Elektron Limited,803,CABLE & ELECTRICAL GOODS,1,1,12,0.18099559485209363,428006078.0,856012155.0,10.0,
304,PAKD,Pak Datacom Limited,828,TECHNOLOGY & COMMUNICATION,500,1,6,0.0068339105263968995,4150724.0,11859210.0,10.0,2207.0
305,PAKL,Pak Leather Crafts Limited,816,LEATHER & TANNERIES,500,1,6,0.0007316098989700586,1020000.0,3400000.0,10.0,504.0
306,PAKOXY,Pakistan Oxygen Limited,805,CHEMICAL,500,1,12,0.08954839414417674,21781057.0,87124171.0,10.0,
307,PAKRI,Pakistan Reinsurance Company Limited,812,INSURANCE,500,1,12,0.10445356598874772,225000000.0,900000000.0,10.0,
308,PAKT,Pakistan Tobacco Company Limited,832,TOBACCO,1,1,12,2.368611751792985,12589809.0,255493792.0,10.0,
309,PASL,Pervez Ahmed Consultancy Services Ltd.,813,INV. BANKS / INV. COS. / SECURITIES COS.,500,1,6,0.002178117317953192,186154897.0,186568487.0,10.0,6416.0
310,PASM,Paramount Spinning Mills Limited,829,TEXTILE COMPOSITE,500,1,3,0.0007229395570937144,8676164.0,17352330.0,10.0,2888.0
311,PCAL,Pakistan Cables Limited,803,CABLE & ELECTRICAL GOODS,1,1,6,0.0569284239999748,12376686.0,54457418.0,10.0,2290.0
312,PGLC,Pak-Gulf Leasing Company Limited,815,LEASING COMPANIES,500,1,6,0.004454358935238136,9894222.0,49471110.0,10.0,386.0
313,PHDL,Pakistan Hotels Developers Limited,818,MISCELLANEOUS,1,1,6,0.005815337257019827,9000000.0,18000000.0,10.0,608.0
314,PICT,Pakistan International Container,833,TRANSPORT,500,1,12,0.03451497599550891,21830630.0,109153152.0,10.0,
315,PIL,PICIC Insurance Limited,812,INSURANCE,500,1,12,0.0005341332178546527,34668541.0,35000000.0,10.0,
316,PIM,Popular Islamic Modaraba,819,MODARABAS,500,1,6,0.0017916354221753207,1000000.0,20000000.0,10.0,1001.0
317,PINL,Premier Insurance Limited,812,INSURANCE,500,1,12,0.0023458813378347855,22754297.0,50565105.0,10.0,
318,PIOC,Pioneer Cement Limited,804,CEMENT,1,1,6,0.37880246106139137,102216957.0,227148793.0,10.0,6792.0
319,PKGI,The Pakistan General Insurance Co. Ltd.,812,INSURANCE,500,1,12,0.0038152372703903763,17500000.0,50000000.0,10.0,
320,PKGP,Pakgen Power Limited,824,POWER GENERATION & DISTRIBUTION,500,1,12,0.31622554136201847,148832636.0,372081591.0,10.0,
321,PKGS,Packages Limited,822,"PAPER, BOARD & PACKAGING",1,1,12,0.4161544796668135,26813851.0,89379504.0,10.0,
322,PMI,First Prudential Modaraba,819,MODARABAS,500,1,6,0.002952086469625786,77635006.0,129391676.0,10.0,15503.0
323,PMRS,The Premier Sugar Mills,826,SUGAR & ALLIED INDUSTRIES,1,1,9,0.013281603985682977,364448.0,3750000.0,10.0,
324,PNSC,Pakistan National Shipping Corporation,833,TRANSPORT,1,1,6,0.5115871974904501,11709973.0,198095040.0,10.0,15828.0
325,POL,Pakistan Oilfields Limited,820,OIL & GAS EXPLORATION COMPANIES,1,1,6,1.253759662202756,129925469.0,283855104.0,10.0,9124.0
326,POML,Punjab Oil Mills Limited,834,VANASPATI & ALLIED INDUSTRIES,1,1,6,0.006240044700913096,3105015.0,7762500.0,10.0,1190.0
327,POWER,Power Cement Limited,804,CEMENT,500,1,6,0.06321495421678619,444807395.0,1112018487.0,10.0,9799.0
328,PPL,Pakistan Petroleum Limited,820,OIL & GAS EXPLORATION COMPANIES,1,1,6,3.470829277930095,668167049.0,2720967548.0,10.0,29064.0
329,PPP,Pakistan Paper Products Limited,822,"PAPER, BOARD & PACKAGING",500,1,6,0.0047937693255001,4000000.0,8000000.0,10.0,807.0
330,PPVC,Pakistan PVC Limited,805,CHEMICAL,500,1,6,0.0011664764422098046,2533180.0,14958000.0,10.0,570.0
331,PREMA,At-Tahur Limited,810,FOOD & PERSONAL CARE PRODUCTS,500,1,6,0.04160796574939184,54657256.0,218639430.0,10.0,2380.0
332,PRET,Premium Textile Mills Limited,830,TEXTILE SPINNING,1,1,6,0.01773749849287865,1848900.0,6163000.0,10.0,788.0
333,PRL,Pakistan Refinery Limited,825,REFINERY,1,1,6,0.12897714811536298,227225765.0,630000000.0,10.0,16935.0
334,PRWM,Prosperity Weaving Mills Limited,831,TEXTILE WEAVING,500,1,6,0.00493539093297699,2772000.0,18480000.0,10.0,547.0
335,PSEL,Pakistan Services Limited,818,MISCELLANEOUS,1,1,6,0.20273205281252737,24393128.0,32524250.0,10.0,
336,PSO,Pakistan State Oil Company Limited,821,OIL & GAS MARKETING COMPANIES,1,1,6,1.0480388767374935,211262985.0,469473300.0,10.0,23871.0
337,PSX,Pakistan Stock Exchange Limited,813,INV. BANKS / INV. COS. / SECURITIES COS.,500,1,6,0.12078402412879749,480885960.0,801476600.0,10.0,2786.0
338,PSYL,Pakistan Synthetics Limited,827,SYNTHETIC & RAYON,500,1,6,0.03135859015026974,13869900.0,138699000.0,10.0,1405.0
339,PTC,Pakistan Telecommunication Company Ltd,828,TECHNOLOGY & COMMUNICATION,1,1,12,0.5958184318707967,593201087.0,3774000000.0,10.0,
340,PTL,Panther Tyres Ltd.,802,AUTOMOBILE PARTS & ACCESSORIES,500,1,6,0.05634037181930877,42000000.0,168000000.0,10.0,3735.0
341,QUET,Quetta Textile Mills Limited,829,TEXTILE COMPOSITE,500,1,6,0.0022805199260031435,8450000.0,13000000.0,10.0,388.0
342,QUICE,Quice Food Industries Limited,810,FOOD & PERSONAL CARE PRODUCTS,500,1,6,0.005131450522344369,68923280.0,98461828.0,10.0,4278.0
343,RCML,Reliance Cotton Spinning Mills Limited,830,TEXTILE SPINNING,1,1,6,0.05099922887653085,1029200.0,10292000.0,10.0,474.0
344,REDCO,Redco Textiles Limited,829,TEXTILE COMPOSITE,500,1,6,0.00574344294115754,7275200.0,49292600.0,10.0,760.0
345,REWM,Reliance Weaving Mills Limited,829,TEXTILE COMPOSITE,500,1,6,0.032124347936085505,6162187.0,30810938.0,10.0,1505.0
346,RICL,Reliance Insurance Company Limited,812,INSURANCE,500,1,12,0.006463226184810673,46576564.0,66537948.0,10.0,
347,RMPL,Rafhan Maize Products Company Limited,810,FOOD & PERSONAL CARE PRODUCTS,1,1,12,0.5661154591268139,786692.0,9236400.0,10.0,
348,RPL,Roshan Packages Limited,822,"PAPER, BOARD & PACKAGING",500,1,6,0.019262377561221473,44394332.0,141900000.0,10.0,5230.0
349,RUBY,Ruby Textile Mills Limited,830,TEXTILE SPINNING,500,1,6,0.0030120601129577976,2610720.0,52214400.0,10.0,939.0
350,RUPL,Rupali Polyester Limited,827,SYNTHETIC & RAYON,500,1,6,0.004533681853806753,10220554.0,34068500.0,10.0,671.0
351,SAIF,Saif Textile Mills Limited,830,TEXTILE SPINNING,500,1,6,0.0028216014539746313,13206440.0,26412900.0,10.0,1405.0
352,SANE,Salman Noman Enterprises Limited,830,TEXTILE SPINNING,500,1,6,0.0002750708280789613,1563463.0,4467036.0,10.0,761.0
353,SANSM,Sanghar Sugar Mills Limited,826,SUGAR & ALLIED INDUSTRIES,500,1,9,0.002036372515625488,5973000.0,11946000.0,10.0,
354,SAPT,Sapphire Textile Mills Limited,829,TEXTILE COMPOSITE,1,1,6,0.1952940096640195,2168979.0,21689791.0,10.0,430.0
355,SARC,Sardar Chemical Industries Limited,805,CHEMICAL,500,1,6,0.001510833959074589,2700000.0,6000000.0,10.0,1681.0
356,SASML,Sindh Abadgars Sugar Mills Limited,826,SUGAR & ALLIED INDUSTRIES,500,1,9,0.00284303469391223,1563750.0,10425000.0,10.0,
357,SAZEW,Sazgar Engineering Works Limited,801,AUTOMOBILE ASSEMBLER,1,1,6,0.4768117620640154,21156087.0,60445961.0,10.0,5009.0
358,SBL,Samba Bank Limited,807,COMMERCIAL BANKS,500,1,12,0.07901059496629277,100823865.0,1008238648.0,10.0,
359,SCBPL,Standard Chartered Bank (Pak) Ltd,807,COMMERCIAL BANKS,500,1,12,1.5352993477027916,193579251.0,3871585021.0,10.0,
360,SCL,Shield Corporation Limited,810,FOOD & PERSONAL CARE PRODUCTS,1,1,6,0.008165233457547749,195000.0,3900000.0,10.0,366.0
361,SEARL,The Searle Company Limited,823,PHARMACEUTICALS,1,1,6,0.3806542449019261,255747212.0,511494426.0,10.0,18334.0
362,SEL,Sitara Energy Limited,824,POWER GENERATION & DISTRIBUTION,500,1,6,0.0016024912192584475,10500600.0,19092000.0,10.0,1225.0
363,SEPL,Security Papers Limited,822,"PAPER, BOARD & PACKAGING",1,1,6,0.06565236657203727,23702394.0,59255985.0,10.0,1931.0
364,SERT,Service Industries Textiles Limited,830,TEXTILE SPINNING,500,1,6,0.0011235966514295986,2068135.0,13787567.0,10.0,1307.0
365,SFL,Sapphire Fibres Limited,829,TEXTILE COMPOSITE,1,1,6,0.18928345907724253,2067188.0,20671875.0,10.0,625.0
366,SGABL,SG.Allied Businesses Limited,827,SYNTHETIC & RAYON,1,1,3,0.014421596882075623,0.0,15000000.0,10.0,
367,SGF,Service GlobalFootwear Limited,816,LEATHER & TANNERIES,500,1,12,0.16644453696550002,41211280.0,206056400.0,10.0,
368,SGPL,S.G. Power Limited,824,POWER GENERATION & DISTRIBUTION,500,1,6,0.0012165174605110228,3232280.0,17833200.0,10.0,
369,SHCM,Shadman Cotton Mills Limited,830,TEXTILE SPINNING,500,1,6,0.00412209820805519,881836.0,17636800.0,10.0,
370,SHDT,Shadab Textile Mills Limited,830,TEXTILE SPINNING,500,1,6,0.0029728481420372628,7470000.0,16600000.0,10.0,456.0
371,SHEL,Shell Pakistan Limited,821,OIL & GAS MARKETING COMPANIES,1,1,12,0.2809765298190399,53506166.0,214024662.0,10.0,
372,SHEZ,Shezan International Limited,810,FOOD & PERSONAL CARE PRODUCTS,1,1,6,0.007980201956794669,3865224.0,9663060.0,10.0,955.0
373,SHFA,Shifa International Hospitals Limited,818,MISCELLANEOUS,1,1,6,0.19314006189050342,28446472.0,63214383.0,10.0,2431.0
374,SHJS,Shahtaj Sugar Mills Limited,826,SUGAR & ALLIED INDUSTRIES,500,1,9,0.00915411744172607,4804438.0,12011200.0,10.0,
375,SHNI,Shaheen Insurance Company Limited,812,INSURANCE,500,1,12,0.0028988554304153116,16888640.0,64500000.0,10.0,
376,SHSML,Shahmurad Sugar Mills Limited,826,SUGAR & ALLIED INDUSTRIES,1,1,9,0.06574572005138245,7391532.0,21118663.0,10.0,
377,SIBL,Security Investment Bank Limited,813,INV. BANKS / INV. COS. / SECURITIES COS.,500,1,12,0.0022837390750280835,17744578.0,59148593.0,10.0,
378,SIEM,Siemens (Pakistan) Engineering,803,CABLE & ELECTRICAL GOODS,1,1,9,0.09314155484940297,2061759.0,8247037.0,10.0,
379,SINDM,Sindh Modaraba,819,MODARABAS,500,1,6,0.0035161226683917707,4500000.0,45000000.0,10.0,860.0
380,SITC,Sitara Chemical Industries Limited,805,CHEMICAL,1,1,6,0.047004722527134786,7500292.0,21429524.0,10.0,1716.0
381,SKRS,Sakrand Sugar Mills Limited,826,SUGAR & ALLIED INDUSTRIES,500,1,9,0.0036937875854094935,12481471.0,44616000.0,10.0,
382,SLCL,Security Leasing Corporation Limited,815,LEASING COMPANIES,500,1,6,0.0002769862258303413,10890000.0,36300000.0,10.0,405.0
383,SLL,SME Leasing Limited,815,LEASING COMPANIES,500,1,9,0.0004150978150184729,9600000.0,32000000.0,10.0,
384,SLYT,Sally Textile Mills Limited,830,TEXTILE SPINNING,500,1,6,0.0008383068244737958,2193750.0,8775000.0,10.0,1530.0
385,SMCPL,Safe Mix Concrete Limited,804,CEMENT,500,1,6,0.004419952377747251,8750000.0,25000000.0,10.0,727.0
386,SML,Shakarganj Limited,826,SUGAR & ALLIED INDUSTRIES,500,1,9,0.02766047021033023,56250000.0,125000000.0,10.0,
387,SNAI,Sana Industries Limited,830,TEXTILE SPINNING,500,1,6,0.00354653163553169,6987750.0,19965000.0,10.0,558.0
388,SNBL,Soneri Bank Limited,807,COMMERCIAL BANKS,500,1,12,0.13796204294521602,330739044.0,1102463503.0,10.0,
389,SNGP,Sui Northern Gas Pipelines Limited,821,OIL & GAS MARKETING COMPANIES,1,1,6,0.4381085386872031,285397499.0,634216665.0,10.0,
390,SPEL,Synthetic Products Enterprises Limited,822,"PAPER, BOARD & PACKAGING",500,1,6,0.06143568837993822,39947203.0,199736016.0,5.0,1988.0
391,SPLC,Saudi Pak Leasing Company Limited,815,LEASING COMPANIES,500,1,6,0.00031013644094903626,15806175.0,45160500.0,10.0,
392,SPWL,Saif Power Limited,824,POWER GENERATION & DISTRIBUTION,500,1,12,0.037245403579022486,193235890.0,386471779.0,10.0,
393,SRVI,Service Industries Limited,816,LEATHER & TANNERIES,1,1,12,0.5321763540443899,21144354.0,46987500.0,10.0,
394,SSGC,Sui Southern Gas Company Limited,821,OIL & GAS MARKETING COMPANIES,1,1,12,0.19701623551830721,308320708.0,880916309.0,10.0,
395,SSML,Saritow Spinning Mills Limited,830,TEXTILE SPINNING,500,1,6,0.001960479711076467,10444212.0,29840607.0,10.0,983.0
396,SSOM,S.S.Oil Mills Limited,834,VANASPATI & ALLIED INDUSTRIES,500,1,6,0.0034614421384383687,1363400.0,5658400.0,10.0,971.0
397,STCL,Shabbir Tiles & Ceramics Limited,811,GLASS & CERAMICS,500,1,6,0.02523709989956728,131626261.0,239320475.0,5.0,3283.0
398,STJT,Shahtaj Textile Limited,831,TEXTILE WEAVING,500,1,6,0.005167097922882339,1449000.0,9660000.0,10.0,1144.0
399,STML,Shams Textile Mills Limited,829,TEXTILE COMPOSITE,500,1,6,0.0016481825008086426,2160000.0,8640000.0,10.0,956.0
400,STPL,Siddiqsons Tin Plate Limited,818,MISCELLANEOUS,500,1,6,0.010427052987997848,80247570.0,229278733.0,10.0,
401,SUHJ,Suhail Jute Mills Limited,814,JUTE,500,1,6,0.0014768556446461277,166907.0,4332819.0,10.0,1360.0
402,SURC,Suraj Cotton Mills Limited,829,TEXTILE COMPOSITE,1,1,6,0.048044730224972174,9761903.0,48809516.0,10.0,715.0
403,SUTM,Sunrays Textile Mills Limited,830,TEXTILE SPINNING,500,1,6,0.013942319145694642,2070000.0,20700000.0,10.0,1907.0
404,SYM,Symmetry Group Limited,828,TECHNOLOGY & COMMUNICATION,500,1,3,0.028164669691272428,114098210.0,285245524.0,1.0,4171.0
405,SYS,Systems Limited,828,TECHNOLOGY & COMMUNICATION,1,1,12,1.261219729640892,174852840.0,291779400.0,10.0,
406,SZTM,Shahzad Textile Mills Limited,830,TEXTILE SPINNING,500,1,6,0.004270231205287149,1797137.0,17971372.0,10.0,789.0
407,TATM,Tata Textile Mills Limited,830,TEXTILE SPINNING,500,1,6,0.0198589446854872,11198723.0,55993614.0,10.0,3599.0
408,TELE,Telecard Limited,828,TECHNOLOGY & COMMUNICATION,1,1,6,0.021213568113663154,325992410.0,338625000.0,10.0,
409,TGL,Tariq Glass Industries Limited,811,GLASS & CERAMICS,1,1,6,0.17932241756408254,68866875.0,172167188.0,10.0,3895.0
410,THALL,Thal Limited,802,AUTOMOBILE PARTS & ACCESSORIES,1,1,6,0.2920957358530148,40514955.0,81029917.0,5.0,4230.0
411,THCCL,Thatta Cement Company Limited,804,CEMENT,500,1,6,0.12624035723983817,29915438.0,99718125.0,10.0,2024.0
412,TICL,The Thal Industries Corporation Limited,826,SUGAR & ALLIED INDUSTRIES,1,1,9,0.0362530483945344,219248.0,15023200.0,10.0,
413,TOMCL,The Organic Meat Company Limited,810,FOOD & PERSONAL CARE PRODUCTS,500,1,6,0.03965704471141532,74245607.0,148491213.0,10.0,3773.0
414,TOWL,Towellers Limited,829,TEXTILE COMPOSITE,1,1,6,0.01854968360863801,3400000.0,17000000.0,10.0,1227.0
415,TPL,TPL Corp Limited,828,TECHNOLOGY & COMMUNICATION,500,1,6,0.011197452176831518,106919105.0,267297763.0,10.0,
416,TPLI,TPL Insurance Limited,812,INSURANCE,500,1,12,0.015880222419977164,29759169.0,198394462.0,10.0,
417,TPLP,TPL Properties Limited,838,PROPERTY,1,1,6,0.04238545531259365,252489094.0,561086876.0,10.0,
418,TPLT,TPL Trakker Limited,828,TECHNOLOGY & COMMUNICATION,500,1,6,0.01443195326200002,74905237.0,187263093.0,10.0,1331.0
419,TREET,Treet Corporation Limited,810,FOOD & PERSONAL CARE PRODUCTS,1,1,6,0.04912003469678539,185514407.0,371028814.0,10.0,12050.0
420,TRG,TRG Pakistan Limited,828,TECHNOLOGY & COMMUNICATION,1,1,6,0.253856964627781,381773466.0,545390665.0,10.0,12563.0
421,TRIPF,Tri-Pack Films Limited,818,MISCELLANEOUS,1,1,12,0.03900622280501713,7760000.0,38800000.0,10.0,
422,TRSM,Trust Modaraba,819,MODARABAS,500,1,6,0.000934565260805745,23840000.0,29800000.0,10.0,2522.0
423,TSBL,Trust Securities & Brokerage Limited,813,INV. BANKS / INV. COS. / SECURITIES COS.,500,1,6,0.0027446816923188365,21000000.0,30000000.0,10.0,825.0
424,TSMF,Tri-Star Mutual Fund Limited,806,CLOSE - END MUTUAL FUND,500,1,6,0.0002857612715522392,3000000.0,5000000.0,10.0,2532.0
425,TSML,Tandlianwala Sugar Mills Limited,826,SUGAR & ALLIED INDUSTRIES,500,1,9,0.07917235667749206,5885315.0,117706300.0,10.0,
426,TSPL,Tri-Star Power Limited,824,POWER GENERATION & DISTRIBUTION,500,1,6,0.0007016221340247902,11876100.0,15000000.0,10.0,5010.0
427,UBDL,United Brands Limited,818,MISCELLANEOUS,500,1,6,0.011186626678613459,4590000.0,91800000.0,10.0,1096.0
428,UBL,United Bank Limited,807,COMMERCIAL BANKS,1,1,12,3.1981028009964954,489671875.0,1224179688.0,10.0,
429,UDPL,United Distributors Pakistan Limited,818,MISCELLANEOUS,500,1,6,0.012350627636626192,5290670.0,35271134.0,10.0,1155.0
430,UNIC,The United Insurance Company,812,INSURANCE,500,1,12,0.0419105340247291,52012500.0,346750000.0,10.0,
431,UNITY,Unity Foods Limited,810,FOOD & PERSONAL CARE PRODUCTS,1,1,6,0.28827735948826533,358215000.0,1194050000.0,10.0,6347.0
432,UPFL,Unilever Pakistan Foods Limited,810,FOOD & PERSONAL CARE PRODUCTS,1,1,12,0.962391444315631,309551.0,6369932.0,10.0,
433,UVIC,The Universal Insurance Company Limited,812,INSURANCE,500,1,12,0.003967846761205991,5000000.0,50000000.0,10.0,
434,WAHN,Wah Noble Chemicals Limited,805,CHEMICAL,1,1,6,0.016142574110003312,3150000.0,9000000.0,10.0,827.0
435,WAVES,Waves Corporation Limited,803,CABLE & ELECTRICAL GOODS,500,1,12,0.017543130459155464,182913957.0,281406088.0,10.0,
436,WTL,Worldcall Telecom Limited,828,TECHNOLOGY & COMMUNICATION,1,1,12,0.05550515695132718,3985831349.0,4982289186.0,10.0,
437,YOUW,Yousaf Weaving Mills Limited,831,TEXTILE WEAVING,500,1,12,0.004638718082831435,74800000.0,136000000.0,10.0,2944.0
438,ZAHID,Zahidjee Textile Mills Limited,829,TEXTILE COMPOSITE,500,1,6,0.044038110438182745,5921859.0,191421102.0,10.0,3181.0
439,ZHCM,Zahur Cotton Mills Limited,829,TEXTILE COMPOSITE,500,0,9,4.514188738325893e-06,4437000.0,9860000.0,10.0,6129.0
440,ZIL,ZIL Limited,810,FOOD & PERSONAL CARE PRODUCTS,1,1,12,0.0124490369720292,306130.0,6122600.0,10.0,
441,ZTL,Zephyr Textiles Limited,831,TEXTILE WEAVING,500,1,6,0.005214898141692776,8914309.0,59428729.0,10.0,467.0
442,JOPP,Johnson & Phillips (Pakistan) Limited,803,CABLE & ELECTRICAL GOODS,1,1,9,,545000.0,5450000.0,,
